[{"name":"array64","description":null,"location":"index.html","searchKeys":["array64"]},{"name":"io.github.millibyte1.array64","description":null,"location":"array64/io.github.millibyte1.array64/index.html","searchKeys":["io.github.millibyte1.array64"]},{"name":"Array64","description":null,"location":"array64/io.github.millibyte1.array64/-array64/index.html","searchKeys":["Array64"]},{"name":"Array64Iterator","description":null,"location":"array64/io.github.millibyte1.array64/-array64-iterator/index.html","searchKeys":["Array64Iterator"]},{"name":"Arrays64Kt","description":null,"location":"array64/io.github.millibyte1.array64/-arrays64-kt/index.html","searchKeys":["Arrays64Kt"]},{"name":"BooleanArray64","description":null,"location":"array64/io.github.millibyte1.array64/-boolean-array64/index.html","searchKeys":["BooleanArray64"]},{"name":"BooleanArray64Iterator","description":null,"location":"array64/io.github.millibyte1.array64/-boolean-array64-iterator/index.html","searchKeys":["BooleanArray64Iterator"]},{"name":"ByteArray64","description":null,"location":"array64/io.github.millibyte1.array64/-byte-array64/index.html","searchKeys":["ByteArray64"]},{"name":"ByteArray64Iterator","description":null,"location":"array64/io.github.millibyte1.array64/-byte-array64-iterator/index.html","searchKeys":["ByteArray64Iterator"]},{"name":"CharArray64","description":null,"location":"array64/io.github.millibyte1.array64/-char-array64/index.html","searchKeys":["CharArray64"]},{"name":"CharArray64Iterator","description":null,"location":"array64/io.github.millibyte1.array64/-char-array64-iterator/index.html","searchKeys":["CharArray64Iterator"]},{"name":"DoubleArray64","description":null,"location":"array64/io.github.millibyte1.array64/-double-array64/index.html","searchKeys":["DoubleArray64"]},{"name":"DoubleArray64Iterator","description":null,"location":"array64/io.github.millibyte1.array64/-double-array64-iterator/index.html","searchKeys":["DoubleArray64Iterator"]},{"name":"FastArray64","description":null,"location":"array64/io.github.millibyte1.array64/-fast-array64/index.html","searchKeys":["FastArray64"]},{"name":"FastArrays64Kt","description":null,"location":"array64/io.github.millibyte1.array64/-fast-arrays64-kt/index.html","searchKeys":["FastArrays64Kt"]},{"name":"FastBooleanArray64","description":null,"location":"array64/io.github.millibyte1.array64/-fast-boolean-array64/index.html","searchKeys":["FastBooleanArray64"]},{"name":"FastByteArray64","description":null,"location":"array64/io.github.millibyte1.array64/-fast-byte-array64/index.html","searchKeys":["FastByteArray64"]},{"name":"FastCharArray64","description":null,"location":"array64/io.github.millibyte1.array64/-fast-char-array64/index.html","searchKeys":["FastCharArray64"]},{"name":"FastDoubleArray64","description":null,"location":"array64/io.github.millibyte1.array64/-fast-double-array64/index.html","searchKeys":["FastDoubleArray64"]},{"name":"FastFloatArray64","description":null,"location":"array64/io.github.millibyte1.array64/-fast-float-array64/index.html","searchKeys":["FastFloatArray64"]},{"name":"FastIntArray64","description":null,"location":"array64/io.github.millibyte1.array64/-fast-int-array64/index.html","searchKeys":["FastIntArray64"]},{"name":"FastLongArray64","description":null,"location":"array64/io.github.millibyte1.array64/-fast-long-array64/index.html","searchKeys":["FastLongArray64"]},{"name":"FastShortArray64","description":null,"location":"array64/io.github.millibyte1.array64/-fast-short-array64/index.html","searchKeys":["FastShortArray64"]},{"name":"FloatArray64","description":null,"location":"array64/io.github.millibyte1.array64/-float-array64/index.html","searchKeys":["FloatArray64"]},{"name":"FloatArray64Iterator","description":null,"location":"array64/io.github.millibyte1.array64/-float-array64-iterator/index.html","searchKeys":["FloatArray64Iterator"]},{"name":"IntArray64","description":null,"location":"array64/io.github.millibyte1.array64/-int-array64/index.html","searchKeys":["IntArray64"]},{"name":"IntArray64Iterator","description":null,"location":"array64/io.github.millibyte1.array64/-int-array64-iterator/index.html","searchKeys":["IntArray64Iterator"]},{"name":"IOUtilsKt","description":null,"location":"array64/io.github.millibyte1.array64/-i-o-utils-kt/index.html","searchKeys":["IOUtilsKt"]},{"name":"LongArray64","description":null,"location":"array64/io.github.millibyte1.array64/-long-array64/index.html","searchKeys":["LongArray64"]},{"name":"LongArray64Iterator","description":null,"location":"array64/io.github.millibyte1.array64/-long-array64-iterator/index.html","searchKeys":["LongArray64Iterator"]},{"name":"LongIndexedIterator","description":null,"location":"array64/io.github.millibyte1.array64/-long-indexed-iterator/index.html","searchKeys":["LongIndexedIterator"]},{"name":"ShortArray64","description":null,"location":"array64/io.github.millibyte1.array64/-short-array64/index.html","searchKeys":["ShortArray64"]},{"name":"ShortArray64Iterator","description":null,"location":"array64/io.github.millibyte1.array64/-short-array64-iterator/index.html","searchKeys":["ShortArray64Iterator"]}]
